{"model":{"version":3,"nodes":[{"name":"RootNode","position":[0,0,0],"rotation":[0,0,0],"scale":[0.01,0.01,0.01],"scaleCompensation":false},{"name":"First Floor","position":[0,0,0],"rotation":[-90,0,0],"scale":[100,100,100],"scaleCompensation":false},{"name":"Walls","position":[0,0,0],"rotation":[-90,0,0],"scale":[100,100,100],"scaleCompensation":false}],"parents":[-1,0,0],"skins":[],"morphs":[],"vertices":[{"position":{"type":"float32","components":3,"data":[12,0,3,-3,0,-22,-3,0,3,12,0,-22,-3,0,-37,12,0,-37,23,0,-22,12,0,-37,12,0,-22,23,0,-37]},"normal":{"type":"float32","components":3,"data":[0,1,0,0,1,0,0,1,0,0,1,0,0,1,0,0,1,0,0,1,0,0,1,0,0,1,0,0,1,0]},"texCoord0":{"type":"float32","components":2,"data":[0.37502,8.06334e-05,8.06573e-05,0.62498,8.06573e-05,8.06096e-05,0.37502,0.62498,8.06096e-05,0.999919,0.37502,0.999919,0.649976,0.62498,0.37502,0.999919,0.37502,0.62498,0.649976,0.999919]}},{"position":{"type":"float32","components":3,"data":[-3,15,3,-3,10,3,-3,10,-2,-3,15,-2,12,0,-22,12,0,3,12,6,3,12,6,-22,23,0,-37,23,0,-22,23,6,-22,23,6,-37,-3,0,3,2,5,3,2,0,3,-3,5,3,12,6,-22,23,6,-22,12,0,-22,23,0,-22,32,15,3,32,10,-2,32,10,3,32,15,-2,32,5,-37,27,5,-37,32,0,-37,27,0,-37,27,0,3,32,5,3,32,0,3,27,5,3,22,0,3,27,5,3,27,0,3,22,5,3,17,0,3,17,5,3,12,0,3,17,5,3,17,0,3,12,5,3,7,0,3,12,5,3,12,0,3,7,5,3,2,0,3,7,5,3,7,0,3,2,5,3,2,10,3,7,15,3,7,10,3,2,15,3,2,5,3,7,10,3,7,5,3,2,10,3,7,10,3,12,15,3,12,10,3,7,15,3,7,5,3,12,10,3,12,5,3,7,10,3,12,10,3,17,15,3,17,10,3,12,15,3,12,5,3,17,10,3,17,5,3,12,10,3,17,10,3,22,15,3,22,10,3,17,15,3,17,5,3,22,10,3,22,5,3,17,10,3,22,10,3,27,15,3,27,10,3,22,15,3,22,5,3,27,10,3,27,5,3,22,10,3,27,10,3,32,15,3,32,10,3,27,15,3,27,5,3,32,10,3,32,5,3,27,10,3,32,15,-37,27,15,-37,32,10,-37,27,10,-37,32,10,-37,27,10,-37,32,5,-37,27,5,-37,32,5,3,32,0,-2,32,0,3,32,5,-2,32,10,3,32,5,-2,32,5,3,32,10,-2,-3,10,3,2,15,3,2,10,3,-3,15,3,-3,5,3,2,10,3,2,5,3,-3,10,3,-3,5,3,-3,0,3,-3,0,-2,-3,5,-2,-3,10,3,-3,5,3,-3,5,-2,-3,10,-2,-3,10,-32,-3,5,-32,-3,5,-37,-3,10,-37,-3,10,-27,-3,5,-27,-3,5,-32,-3,10,-32,-3,10,-22,-3,5,-22,-3,5,-27,-3,10,-27,-3,10,-17,-3,5,-17,-3,5,-22,-3,10,-22,-3,10,-12,-3,5,-12,-3,5,-17,-3,10,-17,-3,10,-7,-3,5,-7,-3,5,-12,-3,10,-12,-3,10,-2,-3,5,-2,-3,5,-7,-3,10,-7,-3,5,-32,-3,0,-32,-3,0,-37,-3,5,-37,-3,5,-27,-3,0,-27,-3,0,-32,-3,5,-32,-3,5,-22,-3,0,-22,-3,0,-27,-3,5,-27,-3,5,-17,-3,0,-17,-3,0,-22,-3,5,-22,-3,5,-12,-3,0,-12,-3,0,-17,-3,5,-17,-3,5,-7,-3,0,-7,-3,0,-12,-3,5,-12,-3,5,-2,-3,0,-2,-3,0,-7,-3,5,-7,-3,15,-32,-3,10,-32,-3,10,-37,-3,15,-37,-3,15,-27,-3,10,-27,-3,10,-32,-3,15,-32,-3,15,-22,-3,10,-22,-3,10,-27,-3,15,-27,-3,15,-17,-3,10,-17,-3,10,-22,-3,15,-22,-3,15,-12,-3,10,-12,-3,10,-17,-3,15,-17,-3,15,-7,-3,10,-7,-3,10,-12,-3,15,-12,-3,15,-2,-3,10,-2,-3,10,-7,-3,15,-7,32,10,-32,32,5,-37,32,5,-32,32,10,-37,32,10,-27,32,5,-32,32,5,-27,32,10,-32,32,10,-22,32,5,-27,32,5,-22,32,10,-27,32,10,-17,32,5,-22,32,5,-17,32,10,-22,32,10,-12,32,5,-17,32,5,-12,32,10,-17,32,10,-7,32,5,-12,32,5,-7,32,10,-12,32,10,-2,32,5,-7,32,5,-2,32,10,-7,32,5,-32,32,0,-37,32,0,-32,32,5,-37,32,5,-27,32,0,-27,32,5,-22,32,0,-22,32,5,-17,32,0,-17,32,5,-12,32,0,-12,32,5,-7,32,0,-7,32,15,-32,32,10,-37,32,10,-32,32,15,-37,32,15,-27,32,10,-32,32,10,-27,32,15,-32,32,15,-22,32,10,-27,32,10,-22,32,15,-27,32,15,-17,32,10,-22,32,10,-17,32,15,-22,32,15,-12,32,10,-17,32,10,-12,32,15,-17,32,15,-7,32,10,-12,32,10,-7,32,15,-12,32,15,-2,32,10,-7,32,10,-2,32,15,-7,2,10,-37,-3,10,-37,2,5,-37,-3,5,-37,7,10,-37,2,10,-37,7,5,-37,2,5,-37,12,10,-37,7,10,-37,12,5,-37,7,5,-37,17,10,-37,12,10,-37,17,5,-37,12,5,-37,22,10,-37,17,10,-37,22,5,-37,17,5,-37,27,10,-37,22,10,-37,27,5,-37,22,5,-37,2,15,-37,-3,15,-37,2,10,-37,-3,10,-37,7,15,-37,2,15,-37,7,10,-37,2,10,-37,12,15,-37,7,15,-37,12,10,-37,7,10,-37,17,15,-37,12,15,-37,17,10,-37,12,10,-37,22,15,-37,17,15,-37,22,10,-37,17,10,-37,27,15,-37,22,15,-37,27,10,-37,22,10,-37,2,5,-37,-3,5,-37,2,0,-37,-3,0,-37,7,5,-37,2,5,-37,7,0,-37,2,0,-37,12,5,-37,7,5,-37,12,0,-37,7,0,-37,17,5,-37,12,5,-37,17,0,-37,12,0,-37,22,5,-37,17,5,-37,22,0,-37,17,0,-37,27,5,-37,22,5,-37,27,0,-37,22,0,-37]},"normal":{"type":"float32","components":3,"data":[1,0,0,1,0,0,1,0,0,1,0,0,-1,0,0,-1,0,0,-1,0,0,-1,0,0,-1,0,0,-1,0,0,-1,0,0,-1,0,0,0,0,-1,0,0,-1,0,0,-1,0,0,-1,0,0,-1,0,0,-1,0,0,-1,0,0,-1,-1,0,0,-1,0,0,-1,0,0,-1,0,0,0,0,1,0,0,1,0,0,1,0,0,1,0,0,-1,0,0,-1,0,0,-1,0,0,-1,0,0,-1,0,0,-1,0,0,-1,0,0,-1,0,0,-1,0,0,-1,0,0,-1,0,0,-1,0,0,-1,0,0,-1,0,0,-1,0,0,-1,0,0,-1,0,0,-1,0,0,-1,0,0,-1,0,0,-1,0,0,-1,0,0,-1,0,0,-1,0,0,-1,0,0,-1,0,0,-1,0,0,-1,0,0,-1,0,0,-1,0,0,-1,0,0,-1,0,0,-1,0,0,-1,0,0,-1,0,0,-1,0,0,-1,0,0,-1,0,0,-1,0,0,-1,0,0,-1,0,0,-1,0,0,-1,0,0,-1,0,0,-1,0,0,-1,0,0,-1,0,0,-1,0,0,-1,0,0,-1,0,0,-1,0,0,-1,0,0,-1,0,0,-1,0,0,-1,0,0,-1,0,0,-1,0,0,-1,0,0,-1,0,0,-1,0,0,-1,0,0,-1,0,0,-1,0,0,-1,0,0,-1,0,0,-1,0,0,-1,0,0,-1,0,0,-1,0,0,-1,0,0,1,0,0,1,0,0,1,0,0,1,0,0,1,0,0,1,0,0,1,0,0,1,-1,0,0,-1,0,0,-1,0,0,-1,0,0,-1,0,0,-1,0,0,-1,0,0,-1,0,0,0,0,-1,0,0,-1,0,0,-1,0,0,-1,0,0,-1,0,0,-1,0,0,-1,0,0,-1,1,0,0,1,0,0,1,0,0,1,0,0,1,0,0,1,0,0,1,0,0,1,0,0,1,0,0,1,0,0,1,0,0,1,0,0,1,0,0,1,0,0,1,0,0,1,0,0,1,0,0,1,0,0,1,0,0,1,0,0,1,0,0,1,0,0,1,0,0,1,0,0,1,0,0,1,0,0,1,0,0,1,0,0,1,0,0,1,0,0,1,0,0,1,0,0,1,0,0,1,0,0,1,0,0,1,0,0,1,0,0,1,0,0,1,0,0,1,0,0,1,0,0,1,0,0,1,0,0,1,0,0,1,0,0,1,0,0,1,0,0,1,0,0,1,0,0,1,0,0,1,0,0,1,0,0,1,0,0,1,0,0,1,0,0,1,0,0,1,0,0,1,0,0,1,0,0,1,0,0,1,0,0,1,0,0,1,0,0,1,0,0,1,0,0,1,0,0,1,0,0,1,0,0,1,0,0,1,0,0,1,0,0,1,0,0,1,0,0,1,0,0,1,0,0,1,0,0,1,0,0,1,0,0,1,0,0,1,0,0,1,0,0,1,0,0,1,0,0,1,0,0,1,0,0,1,0,0,1,0,0,1,0,0,1,0,0,1,0,0,1,0,0,1,0,0,-1,0,0,-1,0,0,-1,0,0,-1,0,0,-1,0,0,-1,0,0,-1,0,0,-1,0,0,-1,0,0,-1,0,0,-1,0,0,-1,0,0,-1,0,0,-1,0,0,-1,0,0,-1,0,0,-1,0,0,-1,0,0,-1,0,0,-1,0,0,-1,0,0,-1,0,0,-1,0,0,-1,0,0,-1,0,0,-1,0,0,-1,0,0,-1,0,0,-1,0,0,-1,0,0,-1,0,0,-1,0,0,-1,0,0,-1,0,0,-1,0,0,-1,0,0,-1,0,0,-1,0,0,-1,0,0,-1,0,0,-1,0,0,-1,0,0,-1,0,0,-1,0,0,-1,0,0,-1,0,0,-1,0,0,-1,0,0,-1,0,0,-1,0,0,-1,0,0,-1,0,0,-1,0,0,-1,0,0,-1,0,0,-1,0,0,-1,0,0,-1,0,0,-1,0,0,-1,0,0,-1,0,0,-1,0,0,-1,0,0,-1,0,0,-1,0,0,-1,0,0,-1,0,0,-1,0,0,-1,0,0,-1,0,0,0,0,1,0,0,1,0,0,1,0,0,1,0,0,1,0,0,1,0,0,1,0,0,1,0,0,1,0,0,1,0,0,1,0,0,1,0,0,1,0,0,1,0,0,1,0,0,1,0,0,1,0,0,1,0,0,1,0,0,1,0,0,1,0,0,1,0,0,1,0,0,1,0,0,1,0,0,1,0,0,1,0,0,1,0,0,1,0,0,1,0,0,1,0,0,1,0,0,1,0,0,1,0,0,1,0,0,1,0,0,1,0,0,1,0,0,1,0,0,1,0,0,1,0,0,1,0,0,1,0,0,1,0,0,1,0,0,1,0,0,1,0,0,1,0,0,1,0,0,1,0,0,1,0,0,1,0,0,1,0,0,1,0,0,1,0,0,1,0,0,1,0,0,1,0,0,1,0,0,1,0,0,1,0,0,1,0,0,1,0,0,1,0,0,1,0,0,1,0,0,1,0,0,1,0,0,1,0,0,1,0,0,1,0,0,1]},"texCoord0":{"type":"float32","components":2,